Question,Expected Answer,Student Answer,AI Feedback,Accuracy,Relevance,Clarity,Helpfulness,Summary
How many hearts do octopuses have?,Octopuses have three hearts.,Octopuses have three hearts.,"### Feedback on Student Response

1. **What is correct:**
   - The student correctly stated that octopuses have three hearts.

2. **What is missing:**
   - The response lacks additional context or details, such as the function of each heart or why octopuses have three hearts.

3. **How the response can be improved:**
   - To enhance the response, consider adding information about the roles of the hearts (e.g., two pump blood to the gills for oxygen, while one pumps it to the rest of the body) and why this unique circulatory system is important for octopuses. This additional detail would demonstrate a deeper understanding of the topic.",2,4,5,5,4
How many hearts do octopuses have?,Octopuses have three hearts.,Octopuses have two hearts.,"### Feedback on Student Response

1. **What is correct:**
   - The student correctly identifies that octopuses have more than one heart, which shows an understanding that they possess multiple hearts.

2. **What is missing:**
   - The student fails to provide the accurate number of hearts, which is three, as per the expected answer. 

3. **How the response can be improved:**
   - The student should revise their answer to state that octopuses have three hearts. Additionally, including a brief explanation of the function of these hearts (e.g., two pump blood to the gills and one to the rest of the body) could enhance the response and provide more depth.",1,4,5,5,4
How do octopuses breathe?,Octopuses breathe using gills.,Octopuses breathe using lungs.,"### Feedback on Student Response

1. **What is correct:**
   - The student attempted to answer the question about how octopuses breathe.

2. **What is missing:**
   - The student incorrectly stated that octopuses use lungs for breathing. Octopuses actually use gills to extract oxygen from water.

3. **How the response can be improved:**
   - Review the respiratory system of octopuses and clarify that they have gills, not lungs. A more accurate response would be: ""Octopuses breathe using gills, which allow them to extract oxygen from water."" This shows a better understanding of their biology. Additionally, consider explaining how gills function briefly for a more comprehensive answer.",0,4,5,5,4
How many fingers do most people usually have?,Most people usually have ten fingers.,The sky is blue.,"### Feedback on Student's Response:

1. **What is correct:**
   - The student answered, but unfortunately, the information provided is not relevant to the question.

2. **What is missing:**
   - The response fails to address the question about how many fingers most people have. The expected information is that most people usually have ten fingers.

3. **How the response can be improved:**
   - Focus on answering the question directly. A suitable response would be: ""Most people usually have ten fingers."" Consider reviewing the question carefully to ensure your answer relates specifically to it.",0,5,5,5,5
What colour is octopus blood?,Octopus blood is blue because it contains copper-based hemocyanin.,Octopus blood is blue.,"### Feedback:

1. **What is correct:**
   - The student correctly stated that octopus blood is blue.

2. **What is missing:**
   - The student did not mention that the blue color is due to the presence of hemocyanin, which is a copper-based molecule.

3. **How the response can be improved:**
   - The response could be enhanced by explaining why octopus blood is blue. For instance: ""Octopus blood is blue because it contains hemocyanin, a copper-based molecule that carries oxygen."" This adds depth to the answer and demonstrates a better understanding of the topic.",1,4,5,5,5
What do octopuses use their arms for?,Octopuses use their arms to move, explore,"### Feedback on Student Response

1. **What is correct:**
   - The student identifies that arms are used for exploration, which is a correct function of an octopus's arms.

2. **What is missing:**
   - The response lacks detail. It does not mention other important functions of octopus arms, such as locomotion, manipulating objects, capturing prey, or sensing the environment.

3. **How the response can be improved:**
   - To enhance the response, the student should elaborate on the various functions of octopus arms. For example, they could say, ""Octopuses use their arms to explore their surroundings, move, capture prey, and manipulate objects."" This addition would provide a more comprehensive understanding of the topic.",0,4,5,5,5
